hero_id,hero,tags,source
1,antimage,nicepecs|parent|purple,client-npc_heroes-2026-08-17
2,axe,bearded|nicepecs|red,client-npc_heroes-2026-08-17
3,bane,badteeth|flying|purple,client-npc_heroes-2026-08-17
4,bloodseeker,badteeth|caped|masked|red,client-npc_heroes-2026-08-17
5,crystal_maiden,blue|caped|cute|female|icy,client-npc_heroes-2026-08-17
6,drow_ranger,caped|female|icy|purple,client-npc_heroes-2026-08-17
7,earthshaker,brown|fuzzy,client-npc_heroes-2026-08-17
8,juggernaut,badteeth|bearded|masked|nicepecs,client-npc_heroes-2026-08-17
9,mirana,blue|female|steed,client-npc_heroes-2026-08-17
10,morphling,aquatic|blue,client-npc_heroes-2026-08-17
11,nevermore,demon|flying|red,client-npc_heroes-2026-08-17
12,phantom_lancer,bearded|blue,client-npc_heroes-2026-08-17
13,puck,blue|cute|flying|wings,client-npc_heroes-2026-08-17
14,pudge,badteeth|nicepecs|potbelly|red|undead,client-npc_heroes-2026-08-17
15,razor,blue|flying,client-npc_heroes-2026-08-17
16,sand_king,brown,client-npc_heroes-2026-08-17
17,storm_spirit,bearded|blue|spirit,client-npc_heroes-2026-08-17
18,sven,blue|masked|nicepecs|red,client-npc_heroes-2026-08-17
19,tiny,brown,client-npc_heroes-2026-08-17
20,vengefulspirit,blue|female|spirit|undead,client-npc_heroes-2026-08-17
21,windrunner,caped|cute|female|green,client-npc_heroes-2026-08-17
22,zuus,bearded|blue|nicepecs|parent,client-npc_heroes-2026-08-17
23,kunkka,aquatic|bearded|undead,client-npc_heroes-2026-08-17
25,lina,female|fiery|flying|red,client-npc_heroes-2026-08-17
26,lion,caped|demon|purple,client-npc_heroes-2026-08-17
27,shadow_shaman,badteeth|masked|yellow,client-npc_heroes-2026-08-17
28,slardar,aquatic|purple,client-npc_heroes-2026-08-17
29,tidehunter,aquatic|badteeth|green|potbelly,client-npc_heroes-2026-08-17
30,witch_doctor,badteeth|potbelly|purple,client-npc_heroes-2026-08-17
31,lich,blue|flying|icy|undead,client-npc_heroes-2026-08-17
32,riki,bearded|horns|purple,client-npc_heroes-2026-08-17
33,enigma,flying|nicepecs|purple,client-npc_heroes-2026-08-17
34,tinker,bearded|brown|masked|yellow,client-npc_heroes-2026-08-17
35,sniper,bearded|caped|red,client-npc_heroes-2026-08-17
36,necrolyte,bearded|green|undead,client-npc_heroes-2026-08-17
37,warlock,bearded|caped|red,client-npc_heroes-2026-08-17
38,beastmaster,bearded|horns|nicepecs|red,client-npc_heroes-2026-08-17
39,queenofpain,blue|demon|female|horns|wings,client-npc_heroes-2026-08-17
40,venomancer,green,client-npc_heroes-2026-08-17
41,faceless_void,nicepecs|purple,client-npc_heroes-2026-08-17
42,skeleton_king,bearded|green|undead,client-npc_heroes-2026-08-17
43,death_prophet,arachnophobic|female|flying|undead,client-npc_heroes-2026-08-17
44,phantom_assassin,caped|female|green,client-npc_heroes-2026-08-17
45,pugna,caped|green|horns|undead,client-npc_heroes-2026-08-17
46,templar_assassin,female|masked|purple,client-npc_heroes-2026-08-17
47,viper,arachnophobic|flying|green|wings,client-npc_heroes-2026-08-17
48,luna,blue|female|steed,client-npc_heroes-2026-08-17
49,dragon_knight,fiery|red,client-npc_heroes-2026-08-17
50,dazzle,purple,client-npc_heroes-2026-08-17
51,rattletrap,arachnophobic|masked|red,client-npc_heroes-2026-08-17
52,leshrac,blue|horns,client-npc_heroes-2026-08-17
53,furion,arachnophobic|bearded|caped|green,client-npc_heroes-2026-08-17
54,life_stealer,badteeth|undead,client-npc_heroes-2026-08-17
55,dark_seer,bearded|parent|purple,client-npc_heroes-2026-08-17
56,clinkz,fiery|horns|undead|yellow,client-npc_heroes-2026-08-17
57,omniknight,bearded|caped,client-npc_heroes-2026-08-17
58,enchantress,arachnophobic|cute|female|fuzzy|green|horns,client-npc_heroes-2026-08-17
59,huskar,blue|fiery|nicepecs|undead,client-npc_heroes-2026-08-17
60,night_stalker,blue|flying|nicepecs|wings,client-npc_heroes-2026-08-17
61,broodmother,female|parent|red,client-npc_heroes-2026-08-17
62,bounty_hunter,badteeth|masked|yellow,client-npc_heroes-2026-08-17
63,weaver,blue,client-npc_heroes-2026-08-17
64,jakiro,blue|fiery|flying|icy|red|wings,client-npc_heroes-2026-08-17
65,batrider,arachnophobic|caped|fiery|flying|red|steed|yellow,client-npc_heroes-2026-08-17
66,chen,arachnophobic|steed|yellow,client-npc_heroes-2026-08-17
67,spectre,female|purple|undead,client-npc_heroes-2026-08-17
68,ancient_apparition,blue|flying|icy,client-npc_heroes-2026-08-17
69,doom_bringer,arachnophobic|demon|fiery|horns|red|wings,client-npc_heroes-2026-08-17
70,ursa,fuzzy|parent|purple,client-npc_heroes-2026-08-17
71,spirit_breaker,bearded|blue|horns,client-npc_heroes-2026-08-17
72,gyrocopter,flying|masked|steed|yellow,client-npc_heroes-2026-08-17
73,alchemist,bearded|potbelly|steed|yellow,client-npc_heroes-2026-08-17
74,invoker,caped|fiery|icy|parent,client-npc_heroes-2026-08-17
75,silencer,purple,client-npc_heroes-2026-08-17
76,obsidian_destroyer,arachnophobic|flying|green|wings,client-npc_heroes-2026-08-17
77,lycan,arachnophobic|bearded|fuzzy|red,client-npc_heroes-2026-08-17
78,brewmaster,fiery|fuzzy|potbelly|red,client-npc_heroes-2026-08-17
79,shadow_demon,caped|demon|nicepecs|red,client-npc_heroes-2026-08-17
80,lone_druid,arachnophobic|bearded|brown|fuzzy,client-npc_heroes-2026-08-17
81,chaos_knight,masked|red|steed,client-npc_heroes-2026-08-17
82,meepo,cute|fuzzy|parent,client-npc_heroes-2026-08-17
83,treant,brown|green,client-npc_heroes-2026-08-17
84,ogre_magi,blue|fiery|potbelly,client-npc_heroes-2026-08-17
85,undying,badteeth|green|undead,client-npc_heroes-2026-08-17
86,rubick,arachnophobic|caped|green|yellow,client-npc_heroes-2026-08-17
87,disruptor,bearded|red|steed,client-npc_heroes-2026-08-17
88,nyx_assassin,red,client-npc_heroes-2026-08-17
89,naga_siren,aquatic|female|green,client-npc_heroes-2026-08-17
90,keeper_of_the_light,bearded|parent|steed|yellow,client-npc_heroes-2026-08-17
91,wisp,blue|flying,client-npc_heroes-2026-08-17
92,visage,blue|flying|wings,client-npc_heroes-2026-08-17
93,slark,aquatic,client-npc_heroes-2026-08-17
94,medusa,female|green,client-npc_heroes-2026-08-17
95,troll_warlord,red,client-npc_heroes-2026-08-17
96,centaur,bearded|brown|horns,client-npc_heroes-2026-08-17
97,magnataur,brown|fuzzy|horns,client-npc_heroes-2026-08-17
98,shredder,badteeth|purple|steed,client-npc_heroes-2026-08-17
99,bristleback,nicepecs|yellow,client-npc_heroes-2026-08-17
100,tusk,arachnophobic|fuzzy|icy,client-npc_heroes-2026-08-17
101,skywrath_mage,flying|wings,client-npc_heroes-2026-08-17
102,abaddon,blue|caped|purple|steed,client-npc_heroes-2026-08-17
103,elder_titan,horns|nicepecs|parent|yellow,client-npc_heroes-2026-08-17
104,legion_commander,female|red,client-npc_heroes-2026-08-17
105,techies,fiery|potbelly|steed|yellow,client-npc_heroes-2026-08-17
106,ember_spirit,fiery|red|spirit,client-npc_heroes-2026-08-17
107,earth_spirit,green|nicepecs|spirit,client-npc_heroes-2026-08-17
108,abyssal_underlord,demon|green|horns|potbelly,client-npc_heroes-2026-08-17
109,terrorblade,demon|horns|purple|wings,client-npc_heroes-2026-08-17
110,phoenix,fiery|flying|red|wings|yellow,client-npc_heroes-2026-08-17
111,oracle,blue|caped|flying,client-npc_heroes-2026-08-17
112,winter_wyvern,blue|female|flying|icy|wings,client-npc_heroes-2026-08-17
113,arc_warden,arachnophobic|blue|caped,client-npc_heroes-2026-08-17
114,monkey_king,caped|fuzzy|green,client-npc_heroes-2026-08-17
119,dark_willow,cute|female|flying|green|purple|wings,client-npc_heroes-2026-08-17
120,pangolier,fuzzy|parent|red,client-npc_heroes-2026-08-17
121,grimstroke,bearded|flying|masked|undead,client-npc_heroes-2026-08-17
123,hoodwink,cute|female|fuzzy|green,client-npc_heroes-2026-08-17
126,void_spirit,bearded|nicepecs|purple|spirit,client-npc_heroes-2026-08-17
127,target_dummy,,client-npc_heroes-2026-08-17
128,snapfire,female|red|steed,client-npc_heroes-2026-08-17
129,mars,bearded|nicepecs|parent|red,client-npc_heroes-2026-08-17
131,ringmaster,red|yellow,client-npc_heroes-2026-08-17
135,dawnbreaker,female|fiery|yellow,client-npc_heroes-2026-08-17
136,marci,caped|cute|female,client-npc_heroes-2026-08-17
137,primal_beast,badteeth|brown|red,client-npc_heroes-2026-08-17
138,muerta,blue|caped|female|green|undead,client-npc_heroes-2026-08-17
145,kez,blue,client-npc_heroes-2026-08-17
155,largo,brown|green,client-npc_heroes-2026-08-17
